sid,ads,idx,origin,priority,E_MLIP_eV,E_bind_MLIP_eV,DFT_status,E_DFT_sigma0_eV,E_bind_DFT_eV,F_max_free_eV_per_A,reached_accuracy,contcar_path
S1,CO,64,v4-existing,v4-baseline,-405.7190491925288,-1.7981,DONE,-450.9515,,0.0298,True,calculations/T1_16_DFT_L2/S1/CO/00_CO_idx00064/CONTCAR
S1,CO,3,v4-existing,v4-baseline,-405.7177579793188,-1.7968,DONE,-451.4141,,0.027,True,calculations/T1_16_DFT_L2/S1/CO/01_CO_idx00003/CONTCAR
S1,CO,8,v4-existing,v4-baseline,-405.7147971253136,-1.7938,DONE,-451.414,,0.0152,True,calculations/T1_16_DFT_L2/S1/CO/02_CO_idx00008/CONTCAR
S1,CO,28,v4-existing,v4-baseline,-405.71289233710115,-1.7919,DONE,-451.4076,,0.0278,True,calculations/T1_16_DFT_L2/S1/CO/03_CO_idx00028/CONTCAR
S1,CO,30,v4-existing,v4-baseline,-405.7124660696776,-1.7915,DONE,-451.4116,,0.027,True,calculations/T1_16_DFT_L2/S1/CO/04_CO_idx00030/CONTCAR
S1,CH3O,48,v4-existing,v4-baseline,-415.87339027332945,-2.1614,PENDING,,,,,
S1,CH3O,59,v4-existing,v4-baseline,-415.87225263618353,-2.1603,PENDING,,,,,
S1,CH3O,138,v4-existing,v4-baseline,-415.8718829277795,-2.1599,PENDING,,,,,
S1,CH3O,105,v4-existing,v4-baseline,-415.8712321391327,-2.1593,PENDING,,,,,
S1,CH3O,37,v4-existing,v4-baseline,-415.868882330609,-2.1569,PENDING,,,,,
S2,CO,59,v4-existing,v4-baseline,-575.272268767819,-0.9609,PENDING,,,,,
S2,CO,81,v4-existing,v4-baseline,-575.2628022503067,-0.9515,PENDING,,,,,
S2,CO,130,v4-existing,v4-baseline,-575.0427050548981,-0.7314,PENDING,,,,,
S2,CO,154,v4-existing,v4-baseline,-575.038307101608,-0.727,PENDING,,,,,
S2,CO,27,v4-existing,v4-baseline,-575.0334683057091,-0.7221,PENDING,,,,,
S2,CH3O,19,v4-existing,v4-baseline,-585.901712210141,-1.7994,PENDING,,,,,
S2,CH3O,297,v4-existing,v4-baseline,-585.9015857568862,-1.7993,PENDING,,,,,
S2,CH3O,340,v4-existing,v4-baseline,-585.9012623775004,-1.7989,PENDING,,,,,
S2,CH3O,204,v4-existing,v4-baseline,-585.8972411167513,-1.7949,PENDING,,,,,
S2,CH3O,62,v4-existing,v4-baseline,-585.896490400182,-1.7942,PENDING,,,,,
S3,CO,123,v4-existing,v4-baseline,-687.9499342381896,-0.3313,PENDING,,,,,
S3,CO,22,v4-existing,v4-baseline,-687.9449909037323,-0.3263,PENDING,,,,,
S3,CO,49,v4-existing,v4-baseline,-687.9217749537544,-0.3031,PENDING,,,,,
S3,CO,40,v4-existing,v4-baseline,-687.9149332883935,-0.2963,PENDING,,,,,
S3,CO,20,v4-existing,v4-baseline,-687.8629616893809,-0.2443,PENDING,,,,,
S3,CH3O,315,v4-existing,v4-baseline,-698.6270291711497,-1.2174,DONE,-749.9231,,0.0225,True,calculations/T1_16_DFT_L2/S3/CH3O/00_CH3O_idx00315/CONTCAR
S3,CH3O,369,v4-existing,v4-baseline,-698.626681115152,-1.217,DONE,-749.2812,,0.0212,True,calculations/T1_16_DFT_L2/S3/CH3O/01_CH3O_idx00369/CONTCAR
S3,CH3O,117,v4-existing,v4-baseline,-698.6265637435819,-1.2169,RUNNING_OR_UNCONVERGED,-716.9294,,0.0943,False,calculations/T1_16_DFT_L2/S3/CH3O/02_CH3O_idx00117/CONTCAR
S3,CH3O,164,v4-existing,v4-baseline,-698.6259081624904,-1.2163,RUNNING_OR_UNCONVERGED,-716.9529,,0.6753,False,calculations/T1_16_DFT_L2/S3/CH3O/03_CH3O_idx00164/CONTCAR
S3,CH3O,143,v4-existing,v4-baseline,-698.6243842560048,-1.2147,PENDING,,,,,
S3b,CO,56,v4-existing,v4-baseline,-547.6289553105206,-2.2383,PENDING,,,,,
S3b,CO,41,v4-existing,v4-baseline,-547.5964967927302,-2.2058,PENDING,,,,,
S3b,CO,19,v4-existing,v4-baseline,-547.5882544430696,-2.1976,PENDING,,,,,
S3b,CO,38,v4-existing,v4-baseline,-547.5008226343624,-2.1101,PENDING,,,,,
S3b,CO,79,v4-existing,v4-baseline,-547.5004901497957,-2.1098,PENDING,,,,,
S3b,CH3O,198,v4-existing,v4-baseline,-558.1287233468558,-2.947,PENDING,,,,,
S3b,CH3O,16,v4-existing,v4-baseline,-558.1244100003859,-2.9427,PENDING,,,,,
S3b,CH3O,108,v4-existing,v4-baseline,-558.123295401935,-2.9416,PENDING,,,,,
S3b,CH3O,260,v4-existing,v4-baseline,-558.1213241482855,-2.9396,PENDING,,,,,
S3b,CH3O,8,v4-existing,v4-baseline,-558.1207769233309,-2.9391,PENDING,,,,,
S4,CO,80,v4-existing,v4-baseline,-756.5792241790562,-3.3077,PENDING,,,,,
S4,CO,76,v4-existing,v4-baseline,-756.5642120777284,-3.2927,PENDING,,,,,
S4,CO,61,v4-existing,v4-baseline,-756.5259441430527,-3.2544,PENDING,,,,,
S4,CO,86,v4-existing,v4-baseline,-754.0571118762834,-0.7856,PENDING,,,,,
S4,CO,55,v4-existing,v4-baseline,-754.0571118762833,-0.7856,PENDING,,,,,
S4,CH3O,369,v4-existing,v4-baseline,-767.2576626359828,-4.1951,PENDING,,,,,
S4,CH3O,260,v4-existing,v4-baseline,-767.2575389996656,-4.195,PENDING,,,,,
S4,CH3O,241,v4-existing,v4-baseline,-767.2572873010396,-4.1947,PENDING,,,,,
S4,CH3O,211,v4-existing,v4-baseline,-767.2528421265519,-4.1903,PENDING,,,,,
S4,CH3O,240,v4-existing,v4-baseline,-767.251775758758,-4.1892,PENDING,,,,,
S1,coads,767,v4-existing,v4-baseline,-432.0511505530256,-3.9753,PENDING,,,,,
S1,coads,5495,v4-existing,v4-baseline,-432.0494867446825,-3.9737,PENDING,,,,,
S1,coads,3785,v4-existing,v4-baseline,-432.0490805265768,-3.9733,PENDING,,,,,
S1,coads,4132,v4-existing,v4-baseline,-432.04894849177344,-3.9731,PENDING,,,,,
S1,coads,76,v4-existing,v4-baseline,-432.04894327985227,-3.9731,PENDING,,,,,
S2,coads,989,v4-existing,v4-baseline,-601.2282614944418,-2.7621,PENDING,,,,,
S2,coads,3165,v4-existing,v4-baseline,-601.2266130207496,-2.7604,PENDING,,,,,
S2,coads,8300,v4-existing,v4-baseline,-601.2249174653148,-2.7587,PENDING,,,,,
S2,coads,8447,v4-existing,v4-baseline,-601.2242882392882,-2.7581,PENDING,,,,,
S2,coads,471,v4-existing,v4-baseline,-601.2013775668686,-2.7352,PENDING,,,,,
S3b,coads,2151,v4-existing,v4-baseline,-574.750591262553,-5.205,PENDING,,,,,
S3b,coads,2461,v4-existing,v4-baseline,-574.75014496893,-5.2046,PENDING,,,,,
S3b,coads,3309,v4-existing,v4-baseline,-574.7495023168665,-5.2039,PENDING,,,,,
S3b,coads,142,v4-existing,v4-baseline,-574.7484982303976,-5.2029,PENDING,,,,,
S3b,coads,1220,v4-existing,v4-baseline,-574.7479814346082,-5.2024,PENDING,,,,,
S3,coads,2408,v4-existing,v4-baseline,-713.3245637559503,-1.551,PENDING,,,,,
S3,coads,1045,v4-existing,v4-baseline,-713.3242107807788,-1.5507,PENDING,,,,,
S3,coads,3382,v4-existing,v4-baseline,-713.3239072728007,-1.5504,PENDING,,,,,
S3,coads,6637,v4-existing,v4-baseline,-713.323718054027,-1.5502,PENDING,,,,,
S3,coads,1353,v4-existing,v4-baseline,-713.3233295031844,-1.5498,PENDING,,,,,
S1,coads,487,v5-new,RECOMMENDED,-432.0193219865356,-3.9435,PENDING,,,,,
S1,coads,4021,v5-new,RECOMMENDED,-432.04048340613787,-3.9647,PENDING,,,,,
S2,coads,3633,v5-new,RECOMMENDED,-600.9993978045983,-2.5332,PENDING,,,,,
S2,coads,8079,v5-new,RECOMMENDED,-600.7868201558618,-2.3206,PENDING,,,,,
S3,coads,3481,v5-new,MUST,-713.283148052988,-1.5096,PENDING,,,,,
S3,coads,5161,v5-new,MUST,-713.3036758500434,-1.5301,PENDING,,,,,
S3b,coads,2051,v5-new,MUST-diagnostic,-574.1964112039822,-4.6508,PENDING,,,,,
S3b,coads,2754,v5-new,MUST,-574.6288789072723,-5.0833,PENDING,,,,,
S1,CO,43,v5-new,OPTIONAL,-405.67261065442545,-1.7517,PENDING,,,,,
S1,CH3O,283,v5-new,OPTIONAL,-415.8710088872099,-2.1591,PENDING,,,,,
S2,CH3O,217,v5-new,OPTIONAL,-585.6139766074084,-1.5116,PENDING,,,,,
S2,CH3O,496,v5-new,OPTIONAL,-585.5793905126623,-1.4771,PENDING,,,,,
S3,CH3O,395,v5-new,OPTIONAL,-698.5978100199566,-1.1882,PENDING,,,,,
S3b,CO,6,v5-new,OPTIONAL,-547.4949653268903,-2.1043,PENDING,,,,,
S4,CH3O,329,v5-new,OPTIONAL,-767.2157296424111,-4.1532,PENDING,,,,,
S4,CH3O,383,v5-new,OPTIONAL,-767.2513597794174,-4.1888,PENDING,,,,,
